{"cameraMode":{"drawMode":0,"name":"Shaded","section":"Shading Mode"},"sceneLighting":false,"audioPlay":false,"sceneViewState":{"showFog":false,"showMaterialUpdate":false,"showSkybox":false,"showFlares":false,"showImageEffects":false,"showParticleSystems":false},"in2DMode":false,"pivot":{"x":28.860000610351564,"y":1.7999999523162842,"z":14.119999885559082},"rotation":{"x":0.2379464954137802,"y":-0.021852251142263414,"z":0.005365193821489811,"w":0.9710301756858826},"size":6.733909606933594,"orthographic":false}