{"cameraMode":{"drawMode":0,"name":"Shaded","section":"Shading Mode"},"sceneLighting":false,"audioPlay":false,"sceneViewState":{"showFog":false,"showMaterialUpdate":false,"showSkybox":false,"showFlares":false,"showImageEffects":false,"showParticleSystems":false},"in2DMode":false,"pivot":{"x":28.860000610351564,"y":1.7999999523162842,"z":14.119999885559082},"rotation":{"x":0.07827074825763703,"y":0.3677544891834259,"z":-0.03106895461678505,"w":0.9261163473129273},"size":6.733909606933594,"orthographic":false}