{"cameraMode":{"drawMode":0,"name":"Shaded","section":"Shading Mode"},"sceneLighting":false,"audioPlay":false,"sceneViewState":{"showFog":false,"showMaterialUpdate":false,"showSkybox":false,"showFlares":false,"showImageEffects":false,"showParticleSystems":false},"in2DMode":false,"pivot":{"x":7.6464691162109379,"y":114.24871826171875,"z":-501.01751708984377},"rotation":{"x":0.11315550655126572,"y":-0.0029813596047461035,"z":0.00033972569508478045,"w":0.9935749769210815},"size":7.373318672180176,"orthographic":true}