{"cameraMode":{"drawMode":0,"name":"Shaded","section":"Shading Mode"},"sceneLighting":false,"audioPlay":false,"sceneViewState":{"showFog":false,"showMaterialUpdate":false,"showSkybox":false,"showFlares":false,"showImageEffects":false,"showParticleSystems":false},"in2DMode":false,"pivot":{"x":36.1606330871582,"y":4.485200881958008,"z":17.25161361694336},"rotation":{"x":0.24082688987255097,"y":-0.6137911081314087,"z":0.20430567860603333,"w":0.7235646843910217},"size":12.043023109436036,"orthographic":false}